"transect","site","depth_m","complexity","abundance"
1,"S1",29.5,2.2,5
2,"S1",17.6,1,14
3,"S1",16.4,2.7,12
4,"S1",11,2.2,12
5,"S1",29.9,2.3,4
6,"S1",7.8,2.8,10
7,"S1",11.1,1.3,14
8,"S1",22.4,1.2,10
9,"S1",16.2,1.4,17
10,"S1",26.6,1.9,6
11,"S1",10.3,2.5,16
12,"S1",13,2,17
13,"S1",10.4,1.2,10
14,"S1",18.1,1.8,11
15,"S1",3.2,2.3,6
1,"S2",4.6,3.1,3
2,"S2",19.2,1.8,11
3,"S2",10.9,2.1,12
4,"S2",19.3,2.1,14
5,"S2",25.7,2.5,5
6,"S2",12.1,2.4,10
7,"S2",21.1,1.3,3
8,"S2",13.2,2.3,13
9,"S2",18.3,1.1,10
10,"S2",26.4,2.7,4
11,"S2",27.3,2.6,6
12,"S2",18,1.3,9
13,"S2",14.4,2,7
14,"S2",17.1,1.4,3
15,"S2",28.2,2.6,2
1,"S3",7.1,3,18
2,"S3",28,1.8,6
3,"S3",22.1,1.7,17
4,"S3",21.7,1.4,14
5,"S3",15.6,1.7,16
6,"S3",29.2,2,7
7,"S3",24.5,2.5,9
8,"S3",18.8,2,15
9,"S3",28.5,1.5,5
10,"S3",30,2.1,5
11,"S3",11.4,2.2,24
12,"S3",19.9,1.4,9
13,"S3",18.1,2.5,15
14,"S3",15.1,1.5,14
15,"S3",9.2,2.9,15
1,"S4",29,3,4
2,"S4",15.8,1.8,6
3,"S4",2.1,2.2,3
4,"S4",24.7,2.9,8
5,"S4",20.6,2,13
6,"S4",8.6,1.8,9
7,"S4",6,2.6,12
8,"S4",11.9,1.9,22
9,"S4",14.4,2,15
10,"S4",10.2,2.2,20
11,"S4",20.2,1.8,12
12,"S4",21.9,2.4,13
13,"S4",15.7,2.6,27
14,"S4",13.6,2.7,24
15,"S4",11.3,2.5,19
1,"S5",25.6,2.7,7
2,"S5",16.2,2.1,22
3,"S5",21.6,2.3,11
4,"S5",7.3,2.5,16
5,"S5",15.7,1.7,16
6,"S5",27.5,2.6,6
7,"S5",2.7,2.1,3
8,"S5",8.5,2.6,16
9,"S5",22.4,1.8,8
10,"S5",19.7,2.5,13
11,"S5",12.5,1.7,15
12,"S5",5.3,3.7,10
13,"S5",2.9,2.1,4
14,"S5",26.1,2.3,4
15,"S5",25.8,1.2,6
1,"S6",27.9,2.5,6
2,"S6",10.9,2.1,22
3,"S6",25.3,2.6,8
4,"S6",21.6,1.6,8
5,"S6",8.2,1.8,18
6,"S6",10.5,1.7,17
7,"S6",3.6,2.4,7
8,"S6",3.4,2.5,5
9,"S6",17.7,2.6,13
10,"S6",20.4,1.3,11
11,"S6",5,2.5,5
12,"S6",24,1.6,9
13,"S6",12.1,2.2,23
14,"S6",14,2.2,21
15,"S6",3.5,2.7,5
1,"S7",27.1,1.9,4
2,"S7",29,2.2,1
3,"S7",4.6,2.7,8
4,"S7",8.5,3.2,12
5,"S7",5.6,1.8,9
6,"S7",24.6,2.1,7
7,"S7",8.1,2.3,8
8,"S7",11.8,2.7,16
9,"S7",29.5,2.1,2
10,"S7",12.8,1.7,16
11,"S7",27.4,1.6,0
12,"S7",24.4,1.9,4
13,"S7",13.4,2.4,11
14,"S7",21.4,1.9,8
15,"S7",3.2,2.9,7
1,"S8",8.8,2.3,14
2,"S8",7.7,2.9,12
3,"S8",8.4,2.8,9
4,"S8",11.7,2.2,25
5,"S8",29.6,2,0
6,"S8",24.3,1.4,4
7,"S8",14.4,2.3,22
8,"S8",16.3,2.1,13
9,"S8",12.2,1.9,13
10,"S8",8.1,3.5,13
11,"S8",30,3.2,5
12,"S8",21.6,2.6,6
13,"S8",6.6,2.5,13
14,"S8",18.7,2.3,22
15,"S8",5.6,2,9
